kind,name,quality,basin,lon,lat,dist_nearest_src_m,nearest_src_usgs,nearest_src_qmax_m3s,src_contaminated
hwm,6044,4.0,absecon_atlantic_city,-74.52015,39.43057,49.2,01410500,3.5,True
hwm,6102,2.0,raritan_bay,-74.28828,40.50994,673.7,01405030,2.0,False
hwm,6101,3.0,raritan_bay,-74.29987,40.50059,920.9,01403060,110.4,False
hwm,6126,3.0,shark_river,-74.02032,40.19607,1255.0,01407705,3.5,False
gauge,usgs_tidal_shark_river,,,-74.02597,40.1853,1323.0,01407705,3.5,False
hwm,6131,4.0,barnegat_bay,-74.10987,40.13783,1439.8,01408029,18.4,False
hwm,6111,1.0,raritan_bay,-74.27655,40.50101,1845.6,01405030,2.0,False
gauge,usgs_tidal_absecon_creek,,,-74.5,39.4231,1944.8,01410500,3.5,False
hwm,6045,4.0,absecon_atlantic_city,-74.49992,39.42267,1971.4,01410500,3.5,False
hwm,6127,2.0,shark_river,-74.05944,40.18867,2195.9,01407705,3.5,False
hwm,6125,4.0,south_coast,-74.01281,40.20718,2323.0,01407705,3.5,False
hwm,6124,2.0,south_coast,-74.01309,40.21469,2872.8,01407705,3.5,False
hwm,6128,3.0,shark_river,-74.01868,40.17218,2888.6,01407705,3.5,False
hwm,6134,3.0,shrewsbury_navesink,-74.06987,40.35175,2926.3,01407500,7.9,False
hwm,6135,2.0,shrewsbury_navesink,-74.01191,40.37776,2938.1,01407500,7.9,False
hwm,6112,1.0,raritan_bay,-74.27733,40.48527,3025.1,01405030,2.0,False
hwm,6136,4.0,shrewsbury_navesink,-74.01672,40.38797,3120.8,01407500,7.9,False
hwm,6142,2.0,shrewsbury_navesink,-74.07792,40.35713,3139.2,01407500,7.9,False
hwm,6202,2.0,great_bay_mullica,-74.3047,39.63789,3466.9,01409280,3.7,False
hwm,6406,2.0,raritan_bay,-74.25388,40.50242,3632.1,01405030,2.0,False
hwm,6066,2.0,great_bay_mullica,-74.64992,39.64196,3825.7,01409400,7.1,False
hwm,6141,2.0,shrewsbury_navesink,-74.08563,40.35337,3912.9,01407500,7.9,False
hwm,6165,2.0,shrewsbury_navesink,-74.02939,40.33405,4205.1,01407500,7.9,False
hwm,6166,2.0,shrewsbury_navesink,-74.02939,40.33379,4232.5,01407500,7.9,False
hwm,6201,3.0,great_bay_mullica,-74.22271,39.66918,4297.0,01409210,4.6,False
hwm,6046,2.0,absecon_atlantic_city,-74.49303,39.39728,4365.9,01410500,3.5,False
hwm,6122,2.0,south_coast,-74.00875,40.23199,4674.8,01407705,3.5,False
hwm,6123,2.0,south_coast,-73.99969,40.22761,4704.7,01407705,3.5,False
hwm,6179,4.0,great_bay_mullica,-74.19433,39.83558,4851.7,01408900,6.1,False
hwm,6151,4.0,sandy_hook_bay,-74.03934,40.41679,5216.2,01407500,7.9,False
hwm,6190,4.0,manasquan,-74.1102,40.0566,5309.4,01408120,7.7,False
hwm,6408,2.0,raritan_bay,-74.23109,40.50235,5542.3,01405030,2.0,False
hwm,6176,2.0,great_bay_mullica,-74.20086,39.76567,5571.6,01409095,3.3,False
gauge,sss_arthur_kill_mouth,,,-74.23035,40.50168,5613.5,01405030,2.0,False
hwm,6195,2.0,manasquan,-74.0862,40.09539,5666.5,01408120,7.7,False
hwm,6178,3.0,great_bay_mullica,-74.18454,39.82832,5670.9,01408900,6.1,False
hwm,6129,2.0,shark_river,-74.02913,40.14376,5710.0,01407705,3.5,False
hwm,6143,2.0,shrewsbury_navesink,-73.99415,40.40464,5780.7,01407500,7.9,False
hwm,6177,3.0,great_bay_mullica,-74.18281,39.79198,5820.5,01409095,3.3,False
gauge,usgs_tidal_sea_bright,,,-73.97523,40.36554,5944.6,01407500,7.9,False
hwm,6153,2.0,sandy_hook_bay,-74.05932,40.42251,5954.3,01407500,7.9,False
hwm,6138,2.0,atlantic_oceanfront,-73.97466,40.37344,5984.2,01407500,7.9,False
hwm,6130,2.0,barnegat_bay,-74.04206,40.14094,6031.1,01407705,3.5,False
hwm,6149,3.0,atlantic_oceanfront,-73.97433,40.36273,6054.6,01407500,7.9,False
hwm,6148,3.0,atlantic_oceanfront,-73.97424,40.3626,6064.1,01407500,7.9,False
hwm,6098,2.0,raritan_bay,-74.25695,40.46161,6168.6,01405030,2.0,False
hwm,6113,3.0,raritan_bay,-74.25695,40.4616,6169.0,01405030,2.0,False
gauge,usgs_stormtide_sea_bright,,,-73.972,40.37275,6205.4,01407500,7.9,False
hwm,6150,2.0,atlantic_oceanfront,-73.97366,40.35753,6213.8,01407500,7.9,False
hwm,6145,2.0,shrewsbury_navesink,-73.98315,40.40011,6223.8,01407500,7.9,False
hwm,6147,4.0,shrewsbury_navesink,-73.9832,40.40036,6235.2,01407500,7.9,False
hwm,6146,2.0,shrewsbury_navesink,-73.98302,40.40027,6242.7,01407500,7.9,False
hwm,6144,2.0,shrewsbury_navesink,-73.98292,40.4002,6245.7,01407500,7.9,False
hwm,6192,2.0,manasquan,-74.09219,40.05957,6257.9,01408120,7.7,False
hwm,6180,3.0,barnegat_bay,-74.12687,39.90762,6296.0,01408900,6.1,False
hwm,6139,2.0,shrewsbury_navesink,-73.97677,40.3971,6526.4,01407500,7.9,False
hwm,6053,1.0,great_bay_mullica,-74.62434,39.62313,6674.4,01409400,7.1,False
hwm,6163,2.0,atlantic_oceanfront,-73.97504,40.34079,6768.4,01407500,7.9,False
hwm,6184,4.0,barnegat_bay,-74.16677,39.9403,7035.2,01408500,10.6,False
hwm,6183,2.0,barnegat_bay,-74.14062,39.92986,7061.4,01408900,6.1,False
hwm,6099,4.0,raritan_bay,-74.24473,40.4579,7101.6,01405030,2.0,False
hwm,6167,2.0,manasquan,-74.04289,40.12388,7216.5,01408029,18.4,False
hwm,6137,2.0,shrewsbury_navesink,-74.00593,40.31185,7257.9,01407500,7.9,False
hwm,6411,1.0,raritan_bay,-74.21036,40.51153,7264.1,01405030,2.0,False
hwm,6152,3.0,sandy_hook_bay,-74.09671,40.42259,7303.5,01407500,7.9,False
hwm,6169,1.0,manasquan,-74.04894,40.11192,7339.1,01408029,18.4,False
hwm,6164,2.0,shrewsbury_navesink,-73.99952,40.31362,7354.8,01407500,7.9,False
hwm,6194,4.0,manasquan,-74.06675,40.08271,7378.8,01408120,7.7,False
hwm,6170,2.0,manasquan,-74.0537,40.10575,7398.2,01408029,18.4,False
hwm,6204,4.0,great_bay_mullica,-74.34249,39.60215,7412.7,01409280,3.7,False
hwm,6191,4.0,barnegat_bay,-74.14505,40.01891,7591.9,01408500,10.6,False
hwm,6203,2.0,great_bay_mullica,-74.34006,39.59999,7595.5,01409280,3.7,False
hwm,6114,1.0,raritan_bay,-74.24205,40.45268,7700.7,01405030,2.0,False
hwm,6121,2.0,south_coast,-73.99197,40.257,7795.4,01407705,3.5,False
gauge,usgs_tidal_ship_bottom,,,-74.1858,39.6542,7809.1,01409210,4.6,False
hwm,6168,1.0,manasquan,-74.03823,40.11792,7835.5,01408029,18.4,False
hwm,6042,2.0,great_bay_mullica,-74.46278,39.55333,7957.8,01410150,2.0,False
hwm,6043,3.0,great_bay_mullica,-74.46278,39.55333,7957.8,01410150,2.0,False
gauge,sss_great_bay,,,-74.4628,39.5533,7961.7,01410150,2.0,False
hwm,6171,2.0,manasquan,-74.05133,40.09983,7971.3,01408029,18.4,False
hwm,6117,3.0,atlantic_oceanfront,-73.98003,40.31612,8137.5,01407500,7.9,False
hwm,6193,2.0,manasquan,-74.05857,40.0692,8389.3,01408120,7.7,False
hwm,6175,1.0,manasquan,-74.05665,40.06821,8578.6,01408120,7.7,False
hwm,6196,4.0,lbi_barrier,-74.18936,39.64027,8585.6,01409210,4.6,False
hwm,6206,1.0,great_bay_mullica,-74.3462,39.59194,8590.4,01409280,3.7,False
hwm,6409,3.0,raritan_bay,-74.19444,40.51544,8638.9,01405030,2.0,False
hwm,6172,1.0,raritan_bay,-74.23124,40.44453,8975.2,01405030,2.0,False
hwm,6200,2.0,lbi_barrier,-74.16016,39.66989,8989.7,01409210,4.6,False
hwm,6118,3.0,atlantic_oceanfront,-73.97844,40.30687,9004.5,01407500,7.9,False
hwm,6154,2.0,sandy_hook_bay,-74.1131,40.43239,9020.3,01407500,7.9,False
hwm,6173,2.0,raritan_bay,-74.23114,40.44392,9033.9,01405030,2.0,False
hwm,6116,2.0,raritan_bay,-74.23114,40.44392,9033.9,01405030,2.0,False
hwm,6161,2.0,raritan_bay,-74.22342,40.44719,9174.2,01405030,2.0,False
hwm,6162,2.0,raritan_bay,-74.22745,40.44172,9419.0,01405030,2.0,False
hwm,6174,2.0,manasquan,-74.04434,40.07279,9457.9,01408120,7.7,False
hwm,6205,1.0,great_bay_mullica,-74.33284,39.57983,9701.1,01409280,3.7,False
hwm,6207,1.0,great_bay_mullica,-74.37488,39.55114,9819.1,01410150,2.0,False
hwm,6185,1.0,barnegat_bay,-74.08426,39.9136,9860.9,01408900,6.1,False
hwm,6120,4.0,atlantic_oceanfront,-73.98573,40.27621,9941.7,01407705,3.5,False
hwm,6119,3.0,atlantic_oceanfront,-73.98488,40.27598,9949.6,01407705,3.5,False
hwm,6055,3.0,absecon_atlantic_city,-74.44433,39.36195,10034.0,01410500,3.5,False
gauge,usgs_tidal_mantoloking,,,-74.0544,40.0406,10107.8,01408120,7.7,False
gauge,usgs_tidal_inside_thorofare,,,-74.4569,39.3536,10126.6,01410500,3.5,False
hwm,6159,2.0,raritan_bay,-74.20953,40.44539,10138.8,01405030,2.0,False
hwm,6160,1.0,raritan_bay,-74.20939,40.44542,10145.8,01405030,2.0,False
gauge,usgs_tidal_absecon_channel,,,-74.4236,39.3778,10183.2,01410500,3.5,False
hwm,6056,2.0,absecon_atlantic_city,-74.46481,39.34872,10249.6,01410500,3.5,False
hwm,6054,2.0,absecon_atlantic_city,-74.44545,39.35716,10381.1,01410500,3.5,False
hwm,6186,1.0,barnegat_bay,-74.08015,39.92125,10532.9,01408900,6.1,False
hwm,6189,2.0,barnegat_barrier,-74.05173,40.03662,10546.9,01408120,7.7,False
hwm,6057,2.0,absecon_atlantic_city,-74.49211,39.3375,10587.1,01410500,3.5,False
hwm,6181,3.0,lbi_barrier,-74.13646,39.70794,10658.8,01409210,4.6,False
hwm,6048,3.0,absecon_atlantic_city,-74.41763,39.37554,10748.7,01410500,3.5,False
hwm,6197,3.0,lbi_barrier,-74.20639,39.60707,10808.1,01409210,4.6,False
hwm,6106,1.0,sandy_hook_bay,-74.00268,40.4622,10846.5,01407500,7.9,False
hwm,6047,2.0,absecon_atlantic_city,-74.41897,39.3722,10869.6,01410500,3.5,False
hwm,6155,1.0,raritan_bay,-74.13623,40.44246,11164.0,01407500,7.9,False
gauge,sandy_hook,,,-74.0091,40.4669,11179.5,01407500,7.9,False
hwm,6050,2.0,absecon_atlantic_city,-74.40684,39.37773,11400.8,01410500,3.5,False
hwm,6049,2.0,absecon_atlantic_city,-74.39794,39.39075,11436.3,01410500,3.5,False
hwm,6140,1.0,sandy_hook_bay,-74.01113,40.47094,11567.3,01407500,7.9,False
hwm,6412,3.0,lower_bay_si_shore,-74.15887,40.52844,11825.8,01405030,2.0,False
hwm,6133,3.0,raritan_bay,-74.14222,40.44819,11974.5,01407500,7.9,False
hwm,6132,2.0,raritan_bay,-74.17421,40.45097,12139.0,01405030,2.0,False
gauge,noaa_atlantic_city,,,-74.4181,39.355,12155.1,01410500,3.5,False
hwm,6156,3.0,raritan_bay,-74.14659,40.4473,12162.8,01407500,7.9,False
hwm,6198,1.0,lbi_barrier,-74.22828,39.57957,12486.0,01409280,3.7,False
hwm,6157,1.0,raritan_bay,-74.15947,40.4429,12643.2,01407500,7.9,False
gauge,usgs_tidal_barnegat_light,,,-74.1106,39.7608,12667.1,01409095,3.3,False
hwm,6182,1.0,lbi_barrier,-74.11012,39.76113,12694.0,01409095,3.3,False
hwm,6187,2.0,barnegat_bay,-74.07084,39.98831,13019.3,01408500,10.6,False
hwm,6052,2.0,absecon_atlantic_city,-74.37279,39.40535,13021.7,01410500,3.5,False
hwm,6158,1.0,raritan_bay,-74.16319,40.44647,13138.9,01407500,7.9,False
hwm,6188,1.0,barnegat_bay,-74.07285,39.95885,13207.6,01408500,10.6,False
hwm,6410,3.0,lower_bay_si_shore,-74.14373,40.53935,13345.5,01405030,2.0,False
hwm,6058,4.0,great_egg,-74.53694,39.30495,13982.4,01410500,3.5,False
hwm,6059,2.0,great_egg,-74.53676,39.30481,13996.3,01410500,3.5,False
hwm,6051,2.0,absecon_atlantic_city,-74.35519,39.41507,14338.0,01410500,3.5,False
gauge,sss_great_kills,,,-74.12776,40.54344,14769.1,01405030,2.0,False
hwm,6199,1.0,lbi_barrier,-74.25595,39.54263,14837.1,01409280,3.7,False
hwm,6419,4.0,lower_bay_si_shore,-74.12383,40.54583,15160.9,01405030,2.0,False
gauge,usgs_tidal_tuckerton,,,-74.3247,39.5089,16159.8,01410150,2.0,False
gauge,usgs_tidal_ocean_city,,,-74.5756,39.2858,16722.1,01410500,3.5,False
gauge,sss_great_egg,,,-74.6275,39.2883,16778.2,01411300,7.1,False
hwm,6060,2.0,great_egg,-74.57236,39.27797,17483.9,01410500,3.5,False
gauge,usgs_tidal_sea_isle,,,-74.6978,39.1578,19649.9,01411300,7.1,False
gauge,sss_narrows_si,,,-74.05968,40.59387,22141.4,01405030,2.0,False
gauge,usgs_tidal_avalon,,,-74.7419,39.1086,23031.5,01411300,7.1,False
hwm,6253,1.0,lower_bay_si_shore,-74.01117,40.57941,23422.5,01407500,7.9,False
gauge,sss_narrows_bkln,,,-74.01181,40.58026,23510.0,01407500,7.9,False
hwm,6261,2.0,lower_bay_si_shore,-73.99792,40.58019,23671.8,01407500,7.9,False
hwm,6074,3.0,cape_may_back_bays,-74.72491,39.09663,24754.4,01411300,7.1,False
hwm,6260,1.0,lower_bay_si_shore,-74.00007,40.59519,25286.5,01407500,7.9,False
hwm,6070,1.0,cape_may_back_bays,-74.80266,39.07744,25511.4,01411300,7.1,False
hwm,6073,2.0,cape_may_back_bays,-74.73768,39.08239,25923.6,01411300,7.1,False
hwm,6071,2.0,cape_may_back_bays,-74.76922,39.06005,27751.3,01411300,7.1,False
hwm,6072,2.0,cape_may_back_bays,-74.75635,39.05858,28110.5,01411300,7.1,False
gauge,usgs_tidal_stone_harbor,,,-74.765,39.0569,28156.3,01411300,7.1,False
hwm,6069,3.0,cape_may,-74.85438,38.96413,38150.4,01411300,7.1,False
hwm,6068,2.0,cape_may,-74.85495,38.9588,38743.9,01411300,7.1,False
hwm,6067,2.0,cape_may,-74.88302,38.9572,39180.8,01411300,7.1,False
gauge,noaa_cape_may,,,-74.96,38.9683,39459.8,01411300,7.1,False
hwm,6078,4.0,cape_may,-74.96405,38.968,39599.7,01411300,7.1,False
gauge,usgs_tidal_cape_may_harbor,,,-74.8889,38.9483,40230.7,01411300,7.1,False
gauge,sss_cape_may,,,-74.8656,38.9364,41299.4,01411300,7.1,False
