lon,lat,depth_m,adcirc_id,stwave_id,match_dist_m,have
-74.05849,39.97625,4.000278,,1033,,stwave_only
-74.05495,39.98971,5.607075,,1035,,stwave_only
-74.032176,40.083923,9.945479,5829,,,adcirc_only
-74.06718,40.09023,2.998315,13711,,,adcirc_only
-74.08217,40.09468,2.992397,11492,,,adcirc_only
-74.086667,40.096667,-0.016996,7450,,,adcirc_only
-74.04004,40.09698,-1.25,13717,,,adcirc_only
-74.027252,40.097087,9.92608,5831,,,adcirc_only
-74.0574,40.0987,2.990885,11491,,,adcirc_only
-74.03059,40.10049,5.277214,11483,,,adcirc_only
-74.035,40.101667,-1.171863,7449,,,adcirc_only
-74.034733,40.102213,3.594407,3540,,,adcirc_only
-74.03504,40.10265,3.987208,13715,,,adcirc_only
-74.05125,40.10306,0.485832,13716,,,adcirc_only
-74.09149,40.10414,3.012475,13718,,,adcirc_only
-74.042157,40.104154,1.93606,5384,,,adcirc_only
-74.04044,40.10454,2.733966,13714,,,adcirc_only
-74.026771,40.107424,10.623993,3725,,,adcirc_only
-74.030915,40.107707,4.579834,3726,,,adcirc_only
-74.04747,40.11467,0.249862,13712,,,adcirc_only
-74.09581,40.11737,3.006477,11493,,,adcirc_only
-74.024296,40.121019,9.890154,3727,,,adcirc_only
-74.028601,40.121303,4.669445,3728,,,adcirc_only
-74.020303,40.1344,10.38073,3729,,,adcirc_only
-74.024891,40.134716,4.584607,3730,,,adcirc_only
-74.02437,40.1383,1.454389,11484,,,adcirc_only
-74.03288,40.14073,-1.5,13713,,,adcirc_only
-73.9333,40.1452,20.21514,11328,,,adcirc_only
-74.016564,40.147825,10.26304,3731,,,adcirc_only
-74.020622,40.148036,3.743767,3732,,,adcirc_only
-74.012035,40.161105,10.207836,3733,,,adcirc_only
-74.016735,40.161428,4.500522,3734,,,adcirc_only
-74.0149,40.1682,3.336473,11485,,,adcirc_only
-74.007022,40.174283,10.285967,3735,,,adcirc_only
-74.012131,40.17468,3.747485,3736,,,adcirc_only
-74.045977,40.179234,0.859388,3535,,,adcirc_only
-74.03464,40.18003,1.328935,13724,,,adcirc_only
-74.03396,40.18408,0.241257,13721,,,adcirc_only
-74.0499,40.18435,0.222606,13722,,,adcirc_only
-74.008333,40.185,1.022839,7445,,,adcirc_only
-74.0083,40.185,1.167746,3553,,,adcirc_only
-74.03923,40.18557,2.569827,13723,,,adcirc_only
-74.0237,40.18624,1.656071,11489,,,adcirc_only
-74.002603,40.187584,9.958507,3737,,,adcirc_only
-74.01546,40.18773,1.584861,13719,,,adcirc_only
-74.00722,40.18773,3.624927,11486,,,adcirc_only
-74.007671,40.187944,2.947166,3738,,,adcirc_only
-74.05935,40.19124,-0.022463,13725,,,adcirc_only
-74.038333,40.191667,0.796209,7444,,,adcirc_only
-74.0383,40.1917,0.846055,3537,,,adcirc_only
-74.03545,40.19462,0.197925,13720,,,adcirc_only
-73.999719,40.201131,10.593336,3739,,,adcirc_only
-74.004077,40.201383,4.643543,3740,,,adcirc_only
-73.995721,40.214512,9.848009,3741,,,adcirc_only
-73.99957,40.214655,3.83909,3742,,,adcirc_only
-73.99696,40.22244,2.197419,11487,,,adcirc_only
-73.991574,40.227866,10.051293,3743,,,adcirc_only
-73.995622,40.228023,1.613135,3744,,,adcirc_only
-73.994,40.2294,4.769775,3558,,,adcirc_only
-73.987793,40.241285,9.423575,3745,,,adcirc_only
-73.991758,40.241416,3.984905,3746,,,adcirc_only
-73.98899,40.25296,1.511674,11515,,,adcirc_only
-73.983834,40.254673,9.887579,3747,,,adcirc_only
-73.987424,40.254729,4.983543,3748,,,adcirc_only
-73.97997,40.268076,10.479128,3749,,,adcirc_only
-73.983951,40.268183,3.97547,3750,,,adcirc_only
-73.977336,40.281655,9.69675,3751,,,adcirc_only
-73.981053,40.281722,3.88298,3752,,,adcirc_only
-73.9794,40.28645,5.856351,11516,,,adcirc_only
-73.914,40.2907,22.408901,11329,,,adcirc_only
-73.974504,40.29521,9.285459,3753,,,adcirc_only
-73.977801,40.295214,3.861281,3754,,,adcirc_only
-73.9767,40.3033,0.747714,3565,,,adcirc_only
-73.976667,40.303333,0.835169,7443,,,adcirc_only
-74.0079,40.30778,0.232984,11532,,,adcirc_only
-73.971653,40.308762,10.093283,3755,,,adcirc_only
-73.975147,40.30878,4.015675,3756,,,adcirc_only
-74.04436,40.31778,0.239401,11533,,,adcirc_only
-73.97373,40.31805,5.120634,11517,,,adcirc_only
-73.968877,40.322272,10.693921,3757,,,adcirc_only
-73.973544,40.322442,4.29811,3758,,,adcirc_only
-73.9967,40.325,2.49432,3556,,,adcirc_only
-73.996667,40.325,2.501242,7442,,,adcirc_only
-74.016667,40.326667,0.364883,7441,,,adcirc_only
-74.0167,40.3267,0.370412,3546,,,adcirc_only
-74.01897,40.3275,0.235323,13726,,,adcirc_only
-73.99764,40.32912,2.322311,13727,,,adcirc_only
-74.01006,40.33344,1.123968,11531,,,adcirc_only
-73.960035,40.334215,9.495366,3759,,,adcirc_only
-73.972105,40.336118,3.237818,3760,,,adcirc_only
-74.00196,40.33871,3.199763,11530,,,adcirc_only
-74.01452,40.34006,0.643779,13728,,,adcirc_only
-73.99574,40.34006,2.52537,13730,,,adcirc_only
-73.97103,40.34222,5.822471,11518,,,adcirc_only
-73.954442,40.345715,6.494503,3761,,,adcirc_only
-73.9948,40.34708,2.770861,13731,,,adcirc_only
-73.971398,40.349826,5.112318,3762,,,adcirc_only
-73.9856,40.3519,3.050393,11529,,,adcirc_only
-73.99142,40.35235,0.227659,13729,,,adcirc_only
-74.065,40.355,-0.537178,7440,,,adcirc_only
-73.964996,40.355699,10.669978,3763,,,adcirc_only
-74.064869,40.355763,1.118201,3531,,,adcirc_only
-73.97738,40.35951,2.721172,13732,,,adcirc_only
-74.0628,40.3596,1.096209,11538,,,adcirc_only
-73.971066,40.363544,3.284935,3764,,,adcirc_only
-73.975,40.365,0.483249,3566,,,adcirc_only
-73.975,40.365,0.483249,7439,,,adcirc_only
-73.964929,40.367514,9.907145,3765,,,adcirc_only
-74.05206,40.36801,3.534938,13738,,,adcirc_only
-73.97049,40.37058,6.71855,11519,,,adcirc_only
-73.97643,40.37153,2.680103,13733,,,adcirc_only
-74.03896,40.37247,2.108869,11537,,,adcirc_only
-74.015,40.376667,0.463259,7438,,,adcirc_only
-74.015,40.3767,0.471279,3547,,,adcirc_only
-73.971727,40.377252,3.994756,3766,,,adcirc_only
-73.98562,40.37882,0.231731,13734,,,adcirc_only
-74.02491,40.3799,3.059702,11536,,,adcirc_only
-73.964543,40.38123,10.189333,3767,,,adcirc_only
-73.9987,40.3827,1.756775,11535,,,adcirc_only
-73.9794,40.3835,3.240936,11528,,,adcirc_only
-74.00938,40.38597,1.253245,13735,,,adcirc_only
-74.00128,40.38706,0.249296,13736,,,adcirc_only
-73.9727,40.3895,4.429589,3568,,,adcirc_only
-73.9793,40.3906,2.365183,3562,,,adcirc_only
-73.97299,40.390938,3.832977,3768,,,adcirc_only
-73.961954,40.394793,9.511067,3769,,,adcirc_only
-73.97913,40.39664,2.365259,13737,,,adcirc_only
-73.980367,40.397408,2.240858,3560,,,adcirc_only
-73.97441,40.40096,3.515131,11520,,,adcirc_only
-73.974111,40.404632,2.535876,3770,,,adcirc_only
-73.9848,40.4067,3.580894,11544,,,adcirc_only
-73.956261,40.407806,9.803439,3771,,,adcirc_only
-73.9996,40.4112,3.68092,3555,,,adcirc_only
-73.98578,40.41183,1.300902,13740,,,adcirc_only
-74.00722,40.41258,1.53897,11545,,,adcirc_only
-73.99021,40.41379,5.216513,11527,,,adcirc_only
-73.99618,40.4148,1.567424,13739,,,adcirc_only
-74.0034,40.4151,3.639177,11543,,,adcirc_only
-74.012999,40.415857,4.551054,3772,,,adcirc_only
-73.978475,40.417919,4.309886,3773,,,adcirc_only
-74.035,40.4183,1.016743,3538,,,adcirc_only
-74.035,40.418333,0.942033,7434,,,adcirc_only
-74.02599,40.41947,0.3582,11546,,,adcirc_only
-74.029821,40.420414,1.214767,3774,,,adcirc_only
-73.950219,40.420532,10.163553,3775,,,adcirc_only
-74.001015,40.421125,2.33379,3776,,,adcirc_only
-74.0498,40.4223,1.468392,11569,,,adcirc_only
-74.06089,40.42257,0.308254,13749,,,adcirc_only
-73.99155,40.42301,-0.346949,13746,,,adcirc_only
-74.0067,40.4234,6.065603,11696,,,adcirc_only
-74.04019,40.42388,4.432541,11547,,,adcirc_only
-73.98945,40.42589,2.213322,13741,,,adcirc_only
-73.98089,40.42595,4.606384,11521,,,adcirc_only
-74.046058,40.426253,4.071219,3777,,,adcirc_only
-74.07181,40.42676,-0.494041,11581,,,adcirc_only
-73.99574,40.42689,1.82818,11526,,,adcirc_only
-74.22149,40.42825,1.0,11588,,,adcirc_only
-74.05574,40.43008,3.868562,11548,,,adcirc_only
-74.015,40.4306,6.653423,11697,,,adcirc_only
-73.981451,40.431442,3.892454,3778,,,adcirc_only
-74.085,40.431667,-0.919012,7433,,,adcirc_only
-74.08595,40.43218,-0.709618,11582,,,adcirc_only
-74.217518,40.432852,1.0,3497,,,adcirc_only
-74.07967,40.43305,1.724902,13748,,,adcirc_only
-74.069,40.4332,1.560844,11570,,,adcirc_only
-73.951153,40.434198,10.758987,3779,,,adcirc_only
-73.999551,40.434693,3.033138,3781,218,0.3,both
-74.08211,40.43584,4.038275,13747,,,adcirc_only
-74.058673,40.435974,3.922446,3782,,,adcirc_only
-74.0252,40.4365,6.242771,11698,,,adcirc_only
-74.20796,40.43724,0.671924,11587,,,adcirc_only
-74.28298,40.43742,-1.25,11594,,,adcirc_only
-74.198333,40.44,0.444642,7430,,,adcirc_only
-74.1983,40.44,0.419529,3502,,,adcirc_only
-74.10665,40.44004,-1.135272,11583,,,adcirc_only
-74.06744,40.4403,3.318016,11549,,,adcirc_only
-74.2792,40.4407,-1.25,11593,,,adcirc_only
-74.15268,40.44187,-2.18,11584,,,adcirc_only
-74.08936,40.44187,1.669693,11571,,,adcirc_only
-73.99329,40.44196,1.605519,13745,,,adcirc_only
-74.20001,40.44274,3.689776,11560,,,adcirc_only
-74.1034,40.4432,-0.031134,3522,,,adcirc_only
-73.981411,40.44514,3.651553,3784,,,adcirc_only
-74.0354,40.4452,6.16623,11699,,,adcirc_only
-73.99871,40.44545,4.559153,13744,,,adcirc_only
-74.07748,40.44615,4.390182,11550,,,adcirc_only
-74.22769,40.44632,-2.6,11589,,,adcirc_only
-74.068589,40.447117,3.595381,3786,,,adcirc_only
-73.949261,40.447824,9.632893,3788,225,0.5,both
-74.00394,40.447835,1.483757,3789,,,adcirc_only
-74.1914,40.4482,1.669674,11577,,,adcirc_only
-74.1433,40.4483,-1.296812,3509,,,adcirc_only
-74.143333,40.448333,-1.271247,7432,,,adcirc_only
-74.16473,40.44851,-0.935904,11585,,,adcirc_only
-74.0988,40.4498,4.77281,11551,,,adcirc_only
-73.9833,40.4499,0.642793,11522,,,adcirc_only
-74.27381,40.44999,-1.25,11592,,,adcirc_only
-74.11504,40.44999,1.348588,11572,,,adcirc_only
-73.9802,40.4509,8.74704,3561,,,adcirc_only
-74.085048,40.451547,4.159024,3790,,,adcirc_only
-74.19687,40.45156,3.307412,11559,,,adcirc_only
-74.1508,40.4516,1.020795,11574,,,adcirc_only
-74.099713,40.451941,4.196013,3791,,,adcirc_only
-74.1649,40.45209,1.06918,11575,,,adcirc_only
-74.2623,40.4524,-1.25,11595,,,adcirc_only
-74.21197,40.4527,1.662836,11578,,,adcirc_only
-74.20219,40.45305,2.972401,11561,,,adcirc_only
-74.1816,40.4535,-1.031537,11586,,,adcirc_only
-74.0427,40.4549,6.436505,11700,,,adcirc_only
-74.23844,40.45506,-1.25,11596,,,adcirc_only
-74.174324,40.456632,0.986877,3505,,,adcirc_only
-73.9956,40.4568,-1.877635,11542,,,adcirc_only
-74.111745,40.456917,4.170713,3793,,,adcirc_only
-74.2664,40.4573,-1.25,11591,,,adcirc_only
-74.15477,40.45733,3.101403,11555,,,adcirc_only
-74.11687,40.45742,3.638619,11552,,,adcirc_only
-74.2321,40.458,1.675715,11579,,,adcirc_only
-73.987487,40.458049,3.948734,3794,,,adcirc_only
-74.21739,40.45811,3.123954,11562,,,adcirc_only
-74.1892,40.4592,3.077202,11558,,,adcirc_only
-74.1696,40.4595,2.75544,11556,,,adcirc_only
-74.047319,40.459676,13.91609,3796,,,adcirc_only
-74.0072,40.4599,2.858333,11525,,,adcirc_only
-73.952692,40.460474,8.737009,3797,234,0.5,both
-74.009985,40.460742,5.694831,3798,,,adcirc_only
-74.043497,40.460834,8.389396,3799,,,adcirc_only
-74.133,40.4618,1.881231,11573,,,adcirc_only
-74.17669,40.463,2.040425,11576,,,adcirc_only
-74.0504,40.4632,6.861236,11701,,,adcirc_only
-74.25835,40.46362,-1.857465,11590,,,adcirc_only
-74.154091,40.463708,3.653374,3800,,,adcirc_only
-74.2576,40.4642,1.110559,3494,,,adcirc_only
-73.99041,40.46423,8.570609,13742,2441,0.0,both
-74.23372,40.46493,3.087936,11563,,,adcirc_only
-74.1421,40.4656,2.983983,11554,,,adcirc_only
-74.194117,40.466333,4.08165,3801,,,adcirc_only
-74.008333,40.466667,1.591806,7435,,,adcirc_only
-74.008333,40.466667,1.592702,18982,,,adcirc_only
-74.24988,40.46667,2.860587,11564,,,adcirc_only
-74.0094,40.4669,1.835832,3551,,,adcirc_only
-74.119147,40.467743,5.140178,3802,,,adcirc_only
-73.966192,40.469514,9.373823,3804,241,0.5,both
-73.995019,40.470488,3.322188,3805,242,0.2,both
-74.14198,40.470785,3.734117,3806,,,adcirc_only
-74.031669,40.470865,8.175895,3807,,,adcirc_only
-74.02019,40.47095,4.448309,13743,,,adcirc_only
-74.26167,40.4713,1.314104,11580,,,adcirc_only
-74.21065,40.471445,3.994478,3808,,,adcirc_only
-74.04063,40.472355,8.870534,3810,,,adcirc_only
-73.99722,40.47252,1.336252,11523,1242,0.0,both
-74.165969,40.472791,3.834298,3811,,,adcirc_only
-74.016202,40.473538,-1.25,3812,,,adcirc_only
-74.26752,40.47357,-0.985202,11603,1322,0.0,both
-74.17529,40.47375,3.259991,11557,,,adcirc_only
-74.0601,40.4738,7.824108,11702,,,adcirc_only
-74.12831,40.47401,3.202634,11553,,,adcirc_only
-74.1679,40.4743,3.752162,3506,,,adcirc_only
-74.181719,40.474851,4.072428,3813,,,adcirc_only
-74.258,40.47619,2.614772,11565,,,adcirc_only
-73.981293,40.476683,9.588517,3814,251,0.4,both
-74.055917,40.477088,10.00899,3815,,,adcirc_only
-74.016145,40.477523,-1.918918,3817,,,adcirc_only
-74.130581,40.478241,3.196028,3818,,,adcirc_only
-74.223604,40.478782,3.784826,3821,,,adcirc_only
-74.0146,40.47899,8.132964,11524,,,adcirc_only
-74.006372,40.479491,5.563317,3822,259,0.2,both
-73.998639,40.47959,5.216102,3823,260,0.1,both
-74.2339,40.4806,4.478886,11677,,,adcirc_only
-74.073168,40.480948,9.905982,3825,,,adcirc_only
-74.2683,40.481,-0.604623,11602,1321,0.0,both
-74.2194,40.4811,4.569917,11678,,,adcirc_only
-74.241251,40.481315,4.220572,3826,263,0.6,both
-74.2053,40.4826,4.507806,11679,,,adcirc_only
-74.066,40.4831,8.338464,11703,,,adcirc_only
-74.258931,40.483767,5.445968,3827,264,0.3,both
-74.2499,40.484,7.490925,11676,1386,0.0,both
-74.090472,40.484671,9.818968,3829,,,adcirc_only
-74.1927,40.485,5.231759,11680,,,adcirc_only
-74.2619,40.4859,7.04373,11566,1285,0.0,both
-74.240249,40.487282,11.16955,3833,270,0.2,both
-74.107975,40.487803,10.098385,3834,,,adcirc_only
-74.181,40.4879,7.012065,11681,,,adcirc_only
-74.2751,40.489566,1.258508,3836,,,adcirc_only
-74.32027,40.49025,7.803876,13752,,,adcirc_only
-74.2441,40.4903,5.680281,11717,1427,0.0,both
-74.320344,40.49103,4.942208,3839,,,adcirc_only
-74.104023,40.49128,9.852411,3841,,,adcirc_only
-74.237196,40.491529,3.142654,3842,275,0.4,both
-74.281667,40.491667,-2.50099,7424,,,adcirc_only
-74.2624,40.4917,2.595496,3493,8,0.0,both
-74.125188,40.491761,10.006015,3843,,,adcirc_only
-74.2713,40.4919,7.356791,11567,1286,0.0,both
-74.233936,40.491977,4.000709,3844,277,0.5,both
-74.280938,40.492271,2.107285,3490,,,adcirc_only
-74.2525,40.4923,9.869558,11648,1358,0.0,both
-74.248363,40.49254,4.003194,3845,278,0.3,both
-74.0703,40.4928,9.278183,11704,,,adcirc_only
-74.1684,40.4933,6.886036,11682,,,adcirc_only
-74.224613,40.493412,11.515151,3846,279,0.3,both
-74.23346,40.49401,3.091197,11718,1428,0.0,both
-74.121564,40.494178,9.913305,3848,,,adcirc_only
-74.24533,40.49427,1.194948,11740,1450,0.0,both
-74.26263,40.49462,1.936356,11647,1357,0.0,both
-74.087788,40.495102,10.030993,3850,,,adcirc_only
-74.3259,40.4957,7.929166,11612,,,adcirc_only
-74.142371,40.495805,9.952518,3851,,,adcirc_only
-74.273482,40.495888,2.346335,3852,285,0.3,both
-74.2653,40.4961,8.450599,11646,1356,0.0,both
-74.1562,40.4966,7.961588,11683,,,adcirc_only
-74.2811,40.4968,8.977546,11568,,,adcirc_only
-74.222042,40.497484,9.642081,3853,286,0.5,both
-74.2709,40.4976,1.942487,11645,1355,0.0,both
-74.138811,40.498058,9.889114,3854,,,adcirc_only
-74.1441,40.4981,12.065382,11684,,,adcirc_only
-74.1048,40.4981,9.560118,11687,,,adcirc_only
-74.1174,40.4986,8.114738,11686,,,adcirc_only
-74.29206,40.4989,0.273563,11606,,,adcirc_only
-74.1286,40.4991,8.220652,11685,,,adcirc_only
-74.0917,40.4991,9.839848,11688,,,adcirc_only
-74.22569,40.49951,3.039782,11719,1429,0.0,both
-74.289,40.4999,1.780943,11605,,,adcirc_only
-74.286514,40.499971,1.816354,3855,,,adcirc_only
-74.159477,40.500037,9.869167,3856,,,adcirc_only
-74.31695,40.50038,1.787271,13751,,,adcirc_only
-74.221208,40.500383,4.000878,3857,290,0.4,both
-74.2585,40.5006,9.918759,11649,1359,0.0,both
-74.156146,40.501708,9.753636,3858,,,adcirc_only
-74.0791,40.502,10.131788,11689,,,adcirc_only
-74.314476,40.502383,2.555541,3859,,,adcirc_only
-74.21754,40.50252,1.922841,11720,1430,0.0,both
-74.211447,40.502689,9.062003,3860,293,0.3,both
-74.0826,40.5027,9.998377,3528,,,adcirc_only
-74.311508,40.502935,2.083606,3861,,,adcirc_only
-74.31267,40.50361,8.256733,13753,,,adcirc_only
-74.255564,40.50387,3.521353,3863,296,0.3,both
-74.3169,40.504,7.591659,11611,,,adcirc_only
-74.176688,40.504018,9.835543,3864,297,0.3,both
-74.28685,40.504543,7.207549,3865,,,adcirc_only
-74.316001,40.504913,8.617367,3867,,,adcirc_only
-74.173471,40.505387,10.029594,3868,301,0.3,both
-74.207817,40.505821,11.845444,3869,302,0.3,both
-73.921986,40.505961,9.005662,3870,303,0.4,both
-74.0529,40.5064,10.791579,11691,,,adcirc_only
-74.194339,40.506618,7.70431,3871,304,0.2,both
-73.937835,40.507713,10.214181,3872,305,0.5,both
-74.2886,40.5078,9.080578,11608,,,adcirc_only
-74.30149,40.50798,1.78336,13750,,,adcirc_only
-73.95452,40.508056,6.220187,3873,306,0.4,both
-74.190996,40.508123,12.141662,3874,307,0.5,both
-74.297434,40.508286,1.782461,3875,,,adcirc_only
-74.3117,40.5083,2.206221,3489,,,adcirc_only
-74.311667,40.508333,2.112564,7425,,,adcirc_only
-74.3093,40.5085,9.084866,11610,,,adcirc_only
-74.207968,40.509147,3.999605,3876,309,0.4,both
-74.0393,40.5093,6.444549,11692,,,adcirc_only
-74.20824,40.50941,3.362266,11721,1431,0.0,both
-73.9995,40.5102,4.076917,11695,1405,0.0,both
-74.30028,40.510227,9.080985,3877,,,adcirc_only
-74.191175,40.510647,4.000431,3878,311,0.5,both
-74.0252,40.5107,7.366577,11693,,,adcirc_only
-74.0106,40.5107,5.689053,11694,,,adcirc_only
-74.2996,40.5108,8.89034,11609,,,adcirc_only
-74.20092,40.51164,0.710399,11722,1432,0.0,both
-74.2,40.5117,0.285455,3501,16,0.0,both
-73.907215,40.511932,9.309387,3879,312,0.5,both
-74.2555,40.5127,9.073747,11650,1360,0.0,both
-73.970409,40.514206,9.067613,3880,313,0.5,both
-74.148185,40.514918,4.000407,3882,315,0.5,both
-74.1883,40.5151,1.72252,11723,1433,0.0,both
-74.255987,40.515527,7.331986,3883,,,adcirc_only
-74.250147,40.516054,3.998689,3884,,,adcirc_only
-74.176746,40.517615,4.000357,3885,318,0.7,both
-74.17425,40.51902,3.34745,11724,1434,0.0,both
-74.118161,40.519039,4.000051,3886,319,0.1,both
-74.15984,40.519087,3.999955,3887,320,0.3,both
-74.033,40.5195,8.457058,11774,,,adcirc_only
-74.24402,40.52003,1.771992,11715,1425,0.0,both
-74.126346,40.520162,3.999824,3888,321,0.4,both
-74.13791,40.520646,3.999987,3889,322,0.4,both
-74.1635,40.5214,2.869675,11725,1435,0.0,both
-74.2479,40.5225,9.072549,11651,,,adcirc_only
-73.984455,40.522693,6.348028,3890,,,adcirc_only
-74.049508,40.522951,9.907767,3891,,,adcirc_only
-74.14509,40.52336,3.137174,13810,2509,0.0,both
-73.912585,40.523758,9.911792,3892,325,0.5,both
-74.1262,40.5248,2.492103,11728,1438,0.0,both
-74.15458,40.52746,1.324145,11739,1449,0.0,both
-74.24485,40.527787,3.998841,3894,,,adcirc_only
-74.251719,40.528641,7.206181,3895,,,adcirc_only
-74.13827,40.52882,2.931309,11727,1437,0.0,both
-74.10994,40.529984,3.999951,3896,329,0.4,both
-73.903445,40.530673,9.327943,3897,330,0.5,both
-73.998545,40.531193,5.211963,3900,333,0.5,both
-74.24472,40.53357,1.77217,13760,,,adcirc_only
-74.2502,40.5338,9.072948,11652,,,adcirc_only
-74.087213,40.535055,10.212489,3902,335,0.6,both
-74.1262,40.536,1.216751,11738,1448,0.0,both
-74.13864,40.53614,5.223138,13809,2508,0.0,both
-74.11005,40.538,2.979829,11729,1439,0.0,both
-74.2587,40.5382,-1.18,11667,,,adcirc_only
-73.902164,40.538364,10.09149,3903,336,0.6,both
-74.249464,40.539969,4.000769,3904,,,adcirc_only
-74.101758,40.541451,4.00011,3907,340,0.2,both
-74.13554,40.54147,1.303027,11726,1436,0.0,both
-74.253393,40.542188,6.140666,3909,,,adcirc_only
-73.94047,40.5424,1.083443,14189,2803,0.0,both
-73.9342,40.54302,2.968087,14190,2804,0.0,both
-74.14,40.5433,-0.469654,3511,26,0.0,both
-73.94132,40.54419,3.601277,12058,1764,0.0,both
-74.264481,40.544539,-1.18,3492,,,adcirc_only
-74.265,40.545,-1.756268,7422,,,adcirc_only
-73.926527,40.545202,3.135281,3913,346,0.3,both
-74.248726,40.546833,3.998133,3914,,,adcirc_only
-73.92664,40.54694,1.414374,12059,1765,0.0,both
-73.92305,40.54709,2.510674,3584,89,0.0,both
-74.114183,40.547467,0.583537,3520,33,0.4,both
-74.251,40.5477,9.072978,11653,,,adcirc_only
-74.26891,40.5478,-1.180479,11668,,,adcirc_only
-73.91754,40.54841,2.86436,14191,2805,0.0,both
-73.941868,40.549525,3.264132,3915,348,0.6,both
-74.24018,40.55025,1.771333,13761,,,adcirc_only
-73.909923,40.550472,3.356454,3916,349,0.3,both
-73.94172,40.55116,3.233808,14188,2802,0.0,both
-74.091532,40.551798,4.000049,3918,351,0.3,both
-74.246802,40.553812,9.072283,3920,,,adcirc_only
-73.90921,40.5545,0.366604,12060,1766,0.0,both
-74.236405,40.554621,3.999131,3921,,,adcirc_only
-74.10273,40.55469,0.247592,11730,1440,0.0,both
-74.245,40.555,9.001866,7421,,,adcirc_only
-74.2419,40.5552,9.071531,11654,,,adcirc_only
-73.90081,40.55546,2.959557,14192,2806,0.0,both
-73.893352,40.555797,3.285754,3923,,,adcirc_only
-74.21977,40.556238,3.997309,3925,,,adcirc_only
-74.223333,40.556667,9.068306,7680,,,adcirc_only
-74.2233,40.5567,9.068298,3496,,,adcirc_only
-73.93691,40.55755,4.542165,14187,2801,0.0,both
-74.21398,40.55776,1.766686,13762,,,adcirc_only
-74.2295,40.5582,9.069369,11655,,,adcirc_only
-74.230824,40.558851,8.921168,3927,,,adcirc_only
-73.8895,40.559,0.573519,12061,1767,0.0,both
-73.88247,40.56034,2.686353,14193,2807,0.0,both
-73.930956,40.560353,2.659723,3928,361,0.5,both
-73.92947,40.56037,0.973391,12057,1763,0.0,both
-73.876579,40.560748,3.852085,3929,362,0.2,both
-74.083656,40.56125,4.000066,3930,363,0.3,both
-73.92488,40.56224,4.435946,14186,2800,0.0,both
-73.87407,40.56276,2.596963,14194,2808,0.0,both
-73.91842,40.56309,1.546174,12056,1762,0.0,both
-73.8716,40.5644,0.658528,12062,1768,0.0,both
-74.26673,40.56475,-0.723088,11669,,,adcirc_only
-73.9014,40.56485,0.67394,12055,1761,0.0,both
-73.914045,40.565009,1.734549,3933,366,0.4,both
-74.0368,40.5651,12.333033,11777,1487,0.0,both
-73.91365,40.56562,3.89751,14185,2799,0.0,both
-74.022001,40.566024,9.506926,3934,367,0.5,both
-73.90064,40.56631,5.183667,14182,2796,0.0,both
-74.03912,40.566585,9.862917,3937,370,0.6,both
-73.896321,40.567355,1.445056,3939,372,0.6,both
-74.08331,40.56809,3.360851,11731,1441,0.0,both
-74.079307,40.569057,4.000085,3942,375,0.4,both
-73.99569,40.56996,3.962428,11945,1651,0.0,both
-73.983333,40.57,4.117272,7659,1163,0.3,both
-73.9833,40.57,4.11898,3559,71,0.0,both
-73.99008,40.570341,2.885092,3945,378,0.1,both
-73.98078,40.57074,3.258922,11946,1652,0.0,both
-73.972137,40.571289,4.45118,3949,382,0.3,both
-73.97316,40.5723,0.324308,11954,1660,0.0,both
-73.96718,40.57249,3.420522,11947,1653,0.0,both
-73.954269,40.572645,5.699679,3955,388,0.6,both
-73.94692,40.57312,4.534759,3576,84,0.0,both
-73.91274,40.57326,3.253761,14089,2703,0.0,both
-74.0091,40.5733,2.257865,11944,1650,0.0,both
-74.01367,40.57358,7.668588,3549,62,0.0,both
-74.073544,40.573613,4.000144,3957,390,0.5,both
-73.913484,40.574057,3.675201,3958,391,0.5,both
-74.007152,40.574167,-3.207407,3959,392,0.4,both
-73.95335,40.57423,0.243096,11948,1654,0.0,both
-74.078404,40.57452,2.060915,3529,42,0.3,both
-73.939088,40.574571,3.422,3962,395,0.2,both
-73.93837,40.57464,3.24555,11949,1655,0.0,both
-74.0883,40.5763,-1.2,11736,1446,0.0,both
-73.9292,40.5764,7.634495,11950,1656,0.0,both
-74.0742,40.5767,3.178066,11732,1442,0.0,both
-74.01342,40.57836,2.765636,14070,2684,0.0,both
-73.930448,40.578621,7.858637,3969,402,0.2,both
-74.02041,40.579281,8.765059,3971,404,0.1,both
-74.042363,40.58007,9.378292,3972,405,0.3,both
-73.99219,40.58022,5.615351,14068,2682,0.0,both
-74.0402,40.5811,12.269163,11778,1488,0.0,both
-73.92778,40.58115,7.616156,14073,2687,0.0,both
-74.00866,40.58122,-0.560144,11943,1649,0.0,both
-74.06836,40.581269,3.999381,3974,407,0.1,both
-73.99673,40.58141,5.483291,14067,2681,0.0,both
-73.9314,40.5818,9.107856,11951,1657,0.0,both
-73.93934,40.58223,6.650968,14071,2685,0.0,both
-74.00762,40.58252,4.293495,14069,2683,0.0,both
-74.00089,40.5826,4.669589,11941,1647,0.0,both
-73.99249,40.58263,0.292787,11942,1648,0.0,both
-73.947,40.58267,9.782132,11952,1658,0.0,both
-73.95235,40.58282,1.413949,11953,1659,0.0,both
-73.95068,40.58282,1.5,14072,2686,0.0,both
-74.00844,40.58363,6.190094,3552,65,0.0,both
-74.002062,40.584826,3.060591,3990,423,0.5,both
-74.0645,40.5874,3.077434,11733,1443,0.0,both
-73.9965,40.58799,0.26219,11940,1646,0.0,both
-73.99922,40.58955,5.013541,14066,2680,0.0,both
-73.998333,40.59,-1.613921,7660,1164,0.3,both
-73.99873,40.59126,-0.238553,14065,2679,0.0,both
-74.058521,40.59147,4.000278,4003,436,0.1,both
-74.00083,40.59206,6.597827,11939,1645,0.0,both
-74.0237,40.592601,9.504395,4008,441,0.1,both
-74.047825,40.593124,10.519874,4010,443,0.6,both
-74.0558,40.5952,3.080054,11734,1444,0.0,both
-74.007861,40.596412,6.467982,4017,450,0.2,both
-74.0427,40.5966,19.491142,11779,1489,0.0,both
-74.00921,40.59889,5.374063,11938,1644,0.0,both
-74.05296,40.60106,-1.485024,13813,2512,0.0,both
-74.01867,40.6016,5.55015,11937,1643,0.0,both
-74.052692,40.602386,3.57335,4027,460,0.5,both
-74.02907,40.60362,5.91351,11936,1642,0.0,both
-74.05288,40.60432,5.702249,11768,1478,0.0,both
-74.032394,40.60453,5.597147,4035,468,0.3,both
-74.05437,40.605911,-0.852711,4039,472,0.1,both
-74.03302,40.60641,1.927687,13815,2514,0.0,both
-74.055,40.606667,5.244813,7677,1180,0.3,both
-74.055,40.6067,5.607075,3533,46,0.0,both
-74.035,40.6083,1.904588,3539,52,0.0,both
-74.03838,40.61137,4.035139,11935,1641,0.0,both
-74.05955,40.61246,7.186975,11769,1479,0.0,both
-74.0485,40.6136,23.302554,11780,1490,0.0,both
-74.04063,40.61579,0.768467,13816,2515,0.0,both
-74.041152,40.616124,2.033344,4059,492,0.5,both
-74.062574,40.618107,11.182348,4064,497,0.5,both
-74.06529,40.61851,-0.996547,11770,1480,0.0,both
